movie_id,rating
1189,5.0
1653,5.0
1599,5.0
1500,5.0
1467,5.0
1201,5.0
1122,5.0
1293,5.0
1449,4.714285714285714
1367,4.666666666666667
408,4.559139784946237
169,4.525773195876289
850,4.5
1594,4.5
1642,4.5
318,4.489451476793249
483,4.441025641025641
64,4.417040358744394
12,4.398104265402844
50,4.359504132231405
